title,listing_name,rating,num_reviews,superhost,listing_location,hostname,host_avatar_url,share,save_feature
efficient architectures,redefine,4,1248,false,"East Ludwighaven, NH",Hilbert Ankunding,https://s3.amazonaws.com/uifaces/faces/twitter/marklamb/128.jpg,false,true
frictionless interfaces,innovate,4,1936,true,"Lake Elenorton, AL",Lydia Boehm,https://s3.amazonaws.com/uifaces/faces/twitter/langate/128.jpg,true,true
world-class experiences,iterate,4,205,true,"New Tyrellburgh, ME",Bryon Collins,https://s3.amazonaws.com/uifaces/faces/twitter/charliegann/128.jpg,false,false
visionary systems,synergize,4,1772,false,"Santinaville, VA",Ryan Wisoky,https://s3.amazonaws.com/uifaces/faces/twitter/richardgarretts/128.jpg,false,true
value-added methodologies,matrix,4,570,false,"South Chelsea, IA",Donnell Lindgren,https://s3.amazonaws.com/uifaces/faces/twitter/sandywoodruff/128.jpg,false,true
value-added blockchains,engage,4,1191,false,"Lake Dustin, IN",Tyrese Carroll,https://s3.amazonaws.com/uifaces/faces/twitter/commadelimited/128.jpg,false,false
robust metrics,target,4,488,false,"Port Michelletown, MD",Josefa Pacocha,https://s3.amazonaws.com/uifaces/faces/twitter/ratbus/128.jpg,false,false
next-generation technologies,deploy,4,761,true,"Denaside, OH",Favian Dietrich,https://s3.amazonaws.com/uifaces/faces/twitter/joshuasortino/128.jpg,false,true
ubiquitous content,unleash,4,556,false,"Lake Deanna, AZ",Dariana Torp,https://s3.amazonaws.com/uifaces/faces/twitter/thomasgeisen/128.jpg,true,true
back-end schemas,extend,4,147,true,"Abigailtown, RI",Shany Gaylord,https://s3.amazonaws.com/uifaces/faces/twitter/low_res/128.jpg,true,false
rich relationships,scale,4,308,false,"West Nigel, AR",Carroll Goldner,https://s3.amazonaws.com/uifaces/faces/twitter/spbroma/128.jpg,false,true
out-of-the-box schemas,generate,4,426,false,"South Kelsiefort, CA",Adelia Jenkins,https://s3.amazonaws.com/uifaces/faces/twitter/ecommerceil/128.jpg,true,true
24/365 metrics,visualize,4,871,false,"New Giovanni, WA",Julio Mante,https://s3.amazonaws.com/uifaces/faces/twitter/teeragit/128.jpg,true,false
plug-and-play infomediaries,matrix,4,507,false,"North Calistahaven, KY",Carmelo Kuhn,https://s3.amazonaws.com/uifaces/faces/twitter/madcampos/128.jpg,true,true
mission-critical markets,mesh,4,776,false,"North Ryley, CA",Earl Rowe,https://s3.amazonaws.com/uifaces/faces/twitter/thomasgeisen/128.jpg,true,false
seamless architectures,streamline,4,639,false,"Emiliostad, IL",Carmine Koch,https://s3.amazonaws.com/uifaces/faces/twitter/pierre_nel/128.jpg,false,false
24/365 technologies,transform,4,420,false,"Lucindafort, IN",Filiberto McLaughlin,https://s3.amazonaws.com/uifaces/faces/twitter/airskylar/128.jpg,false,true
best-of-breed ROI,orchestrate,4,372,false,"Krystinaport, WV",Josephine Kassulke,https://s3.amazonaws.com/uifaces/faces/twitter/waghner/128.jpg,true,true
global partnerships,facilitate,4,1605,false,"Juanitastad, MT",Tatyana Shields,https://s3.amazonaws.com/uifaces/faces/twitter/sydlawrence/128.jpg,true,false
integrated solutions,implement,4,544,false,"Mathewmouth, MO",Jacinto Frami,https://s3.amazonaws.com/uifaces/faces/twitter/giancarlon/128.jpg,true,false
integrated infrastructures,benchmark,4,248,true,"Port Bernieside, NC",Lottie Auer,https://s3.amazonaws.com/uifaces/faces/twitter/heyimjuani/128.jpg,true,true
wireless experiences,monetize,4,1322,false,"Yvonnefurt, AK",Judson Gutkowski,https://s3.amazonaws.com/uifaces/faces/twitter/lhausermann/128.jpg,false,false
enterprise infomediaries,generate,4,2018,false,"New Christophe, WI",Calista Kihn,https://s3.amazonaws.com/uifaces/faces/twitter/enricocicconi/128.jpg,false,true
B2B eyeballs,envisioneer,4,581,false,"East Titoshire, NM",Lester Koss,https://s3.amazonaws.com/uifaces/faces/twitter/alxndrustinov/128.jpg,false,true
open-source networks,strategize,4,1916,true,"Port Cecelia, NC",Arturo Luettgen,https://s3.amazonaws.com/uifaces/faces/twitter/mocabyte/128.jpg,false,false
